{
    "accuracy": 0.55,
    "precision": 0.6285714285714286,
    "recall": 0.55,
    "f1": 0.5444444444444445
}